centername;coordinates
Центр городских волонтеров Санкт-Петербурга;59.93858932344966, 30.272247568176272
Долго и счастливо;59.929147393477365, 30.34494938079657
Клуб волонтеров;55.71681121796112, 37.61062790122482
